Drug_ID,Drug,Y,MolWt,LogP,NumHDonors,NumHAcceptors,TPSA,NumRotatableBonds,AtomCount,Prediction,Lipinski,Ghose,Veber,Egan,Muegge,Units
70789516,CC1=C(C=C(C=C1)C2=NC3=CC=CC=C3C(=C2)C(=O)NC4=CC=C(C=C4)S(=O)(=O)NCC5=NC=CS5)C,0,528.6590000000001,5.705940000000004,2,6,101.05,7,37,0.6625,No,No,Yes,Yes,No,-
44825280,CC(=O)C1=CC=CC(=C1)C2=CSC3=C2C(=NC=N3)SC4=NN=NN4C,1,368.44700000000006,3.2356000000000016,0,9,86.44999999999999,4,25,0.925,Yes,No,Yes,Yes,Yes,-
57383414,CCN1C2=C(C=CC(=C2)C(=O)NCC3=CC=C(C=C3)C#N)[S@@](=O)C4=CC=CC=C4C1=O,1,429.50100000000015,3.635080000000002,1,4,90.27000000000001,4,31,0.945,Yes,No,Yes,Yes,Yes,-
23604942,COC1=CC=CC=C1N2CCN(CC2)C3CCCCC3NS(=O)(=O)C4=CC=CC=C4,1,429.586,3.1069000000000013,1,5,61.88,6,30,0.97,Yes,No,Yes,Yes,Yes,-
9911830,CC1=CC(=NO1)NC(=O)NC2=C(C=C(C=C2)OC3=C4C=C(C(=CC4=NC=C3)OC)OC)Cl,1,454.87000000000023,5.638120000000003,2,7,107.74000000000001,6,32,0.8405555555555556,Yes,No,Yes,Yes,No,-
78357767,COC1=C(C=C2C(=C1)C(=NC(=N2)N3CCCC3)NCCCCCN4CCCC4)OC,0,413.5660000000003,3.925200000000002,1,7,62.750000000000014,10,30,0.835,Yes,No,Yes,Yes,Yes,-
58033027,COC(=O)C1=CC=CC=C1C(=O)NC2=NC(=CS2)C3=CC=CC=C3,1,338.38800000000003,3.849000000000002,1,5,68.29,4,24,0.99,Yes,No,Yes,Yes,Yes,-
804919,C1=CC=C(C=C1)C2=CSC(=N2)NC(=O)CCC(=O)O,0,276.31699999999995,2.6133999999999995,2,4,79.29,5,19,0.84,Yes,No,Yes,Yes,Yes,-
25181367,CN(C)C(=O)C1=CC=C(C=C1)C2=C(C(=O)NC=C2)N,1,257.293,1.3258999999999999,2,3,79.19,2,19,0.79,Yes,No,Yes,Yes,Yes,-
15999416,COC1=CC(=C(C=C1)OC)NC2=C3CCCC3=NC4=CC=CC=C42,1,320.392,4.484300000000004,1,4,43.38,4,24,0.985,Yes,No,Yes,Yes,Yes,-
70789475,CC1=CC=C(C=C1)S(=O)(=O)NC2=C(C=CN=C2)C(=O)NC3=NC(=CS3)C4=CC(=CS4)Br,0,535.4700000000001,5.390620000000002,2,7,101.05,6,31,0.7139166666666666,No,No,Yes,Yes,No,-
46926081,CC1=C(C(N=C(N1)NC2=NC3=CC=CC=C3O2)C4=NN(C=C4Cl)C)C(=O)NC5CCCC5,1,453.9340000000003,3.6599000000000013,3,8,109.37,4,32,0.87,Yes,No,Yes,Yes,Yes,-
70701374,COC1=CC=CC(=C1O)CNC2=CC=C(C=C2)S(=O)(=O)NC3=CC=CC4=C3C=NC=C4,1,435.5050000000001,4.361900000000002,3,6,100.55,7,31,0.783875,Yes,No,Yes,Yes,Yes,-
5713403,C1=CC=C2C(=C1)/C(=C\C3=CC=C(C=C3)[N+](=O)[O-])/C(=O)N2,1,266.2559999999999,3.0875000000000012,1,3,72.24,2,20,0.835,Yes,No,Yes,Yes,Yes,-
657574,CC1=CC(=NC(=N1)N2C(=CC(=N2)C)C)N3CCN(CC3)C4=CC=CC=C4,1,348.4540000000001,2.9141600000000016,0,6,50.080000000000005,3,26,0.965,Yes,No,Yes,Yes,Yes,-
17464141,CC1=CC(=CC=C1)NC2=NC(=CS2)C3=CC=C(O3)CNC(=O)C,1,327.40900000000005,4.0912200000000025,2,5,67.16,5,23,0.945,Yes,No,Yes,Yes,Yes,-
57383419,CCN1C2=C(C=CC(=C2)NC(=O)CC3=CC=C(C=C3)OC)S(=O)C4=CC=CC=C4C1=O,1,434.51700000000017,4.023200000000003,1,4,75.71000000000001,5,31,0.915,Yes,No,Yes,Yes,Yes,-
4190676,CCOC(=O)N1CCC2=C(C1)SC(=C2C(=O)NC3=CC=C(C=C3)OC)NCC4=CC=C(C=C4)N(C)C,1,508.64400000000023,5.201700000000004,2,7,83.14,8,36,0.8475,No,No,Yes,Yes,No,-
78243729,CCOC(=O)CCNC1=CC(=NC(=N1)C2=CN=CC=C2)N3CCC4=CC=CC=C4CC3,1,417.51300000000026,3.5089000000000024,1,7,80.24,7,31,0.97,Yes,No,Yes,Yes,Yes,-
71090129,CC(C)N1C=C(C2=C(C=CN=C21)NS(=O)(=O)C3=NN(C=C3)C)C4=CC5=C(CCN5C)C=C4,1,450.5680000000002,3.810800000000002,1,7,85.05,5,32,0.995,Yes,No,Yes,Yes,Yes,-
134798526,C1=CC=C(C=C1)CNC(=O)C2=CN3C=C(SC3=N2)C4=CC=CC=C4,1,333.41600000000005,3.9928000000000026,1,4,46.400000000000006,4,24,0.99,Yes,No,Yes,Yes,Yes,-
67183,CC(=O)NC1=CC=C(C=C1)S(=O)(=O)NC2=NC=CS2,0,297.361,1.9022999999999999,2,5,88.16,4,19,0.775,Yes,No,Yes,Yes,Yes,-
134809345,CC(=O)NC1=CC=CC(=C1)C2=NC(=C3C=CN(C3=C2)CCOC)C4=CCOCC4,1,391.4710000000003,4.111800000000003,1,5,65.38000000000001,6,29,0.995,Yes,No,Yes,Yes,Yes,-
70701378,COC1=CC=CC(=C1O)CNC2=CC=C(C=C2)S(=O)(=O)NC3=NC4=CC=CC=C4N3,1,424.4820000000001,3.6900000000000004,4,6,116.34,7,30,0.5358333333333333,Yes,No,Yes,Yes,Yes,-
71307828,CC1=CC(=CC=C1)N2C=NC3=C2C=CC(=C3)C(=O)N4CCC(CC4)Br,1,398.30400000000014,4.333420000000004,0,3,38.13,2,25,0.92,Yes,No,Yes,Yes,Yes,-
53257126,COC1=CC(=NC=C1)NC(=S)N2CCN(CC2)C3=C(C=C(C=N3)C(F)(F)F)Cl,1,431.871,3.676400000000002,1,5,53.52,3,28,0.97,Yes,No,Yes,Yes,Yes,-
2132664,C1=CC=C2C=C(C=CC2=C1)S(=O)(=O)NC3=CC=C(C=C3)S(=O)(=O)NC4=NC=CS4,0,445.5470000000001,3.8979000000000017,2,6,105.23,6,29,0.6565674603174604,Yes,No,Yes,Yes,Yes,-
46907682,COC1=CC=CC=C1C2=CSC(=N2)N3CCC(CC3)C(=O)N,1,317.4140000000001,2.5203999999999995,1,5,68.45,4,22,0.995,Yes,No,Yes,Yes,Yes,-
71660737,CC1=CC2=C(C=C1)OC(=N2)NC3=NC(C4=C(N3)CCCC4=O)C5=C(C=NN5)Cl,1,396.8380000000001,3.632220000000001,3,7,108.20000000000002,2,28,1.0,Yes,No,Yes,Yes,Yes,-
44142148,CN1C(=NN=N1)SC2=NC=NC3=C2C(=CS3)C4=CC(=CC=C4)S(=O)(=O)C,1,404.5020000000001,2.4365000000000006,0,10,103.51999999999998,4,26,0.915,Yes,No,Yes,Yes,Yes,-
1415305,CC1=C(C=C(C=C1)C2=NN=C(C3=CC=CC=C32)NC4=CC=C(C=C4)OC)S(=O)(=O)NCC5=NC6=CC=CC=C6N5,1,550.6440000000002,5.712220000000005,3,7,121.89000000000001,8,40,0.68,No,No,Yes,Yes,No,-
70789494,CC1=CC=C(C=C1)S(=O)(=O)NC2=C(C=CN=C2)C(=O)NC3=NC(=CS3)C4=CC(=CC=C4)Cl,1,484.9900000000001,5.2200200000000025,2,6,101.05,6,32,0.9583333333333333,Yes,No,Yes,Yes,No,-
9207124,C1CC1N2C(=NN=N2)SC3=NC=NC4=C3C(=CS4)C5=CC=C(C=C5)F,1,370.43800000000005,3.9700000000000024,0,8,69.38,4,25,0.985,Yes,No,Yes,Yes,Yes,-
4176165,CC1=C(SC2=NC(=NC(=C12)N3CCN(CC3)C4=CC=CC=N4)C)C(=O)NC5=C(C=C(C=C5)F)Cl,1,496.99900000000014,5.074540000000004,1,7,74.25,4,34,0.745,Yes,No,Yes,Yes,No,-
137299536,CC1=CC=C(C=C1)C(=O)N2CCCC(C2)C3=NN(C(=O)N3)C4=CC=C(C=C4)OC,1,392.45900000000006,2.897420000000001,1,5,80.22000000000001,4,29,0.87625,Yes,No,Yes,Yes,Yes,-
53149983,CC1CCN(CC1)C(=O)C2=CC=C(C=C2)C3=CN=C(C=C3)N4CCSCC4,1,381.5450000000002,4.173900000000003,0,4,36.440000000000005,3,27,1.0,Yes,No,Yes,Yes,Yes,-
71296002,CC(=O)NC1=NC=CC(=C1)C2=NC3=CC=CC=C3C(=N2)NC4=CC(=C(C=C4)F)F,1,391.38100000000003,4.6720000000000015,2,5,79.80000000000001,4,29,0.98,Yes,No,Yes,Yes,Yes,-
70789510,CN1C=C(N=C1)S(=O)(=O)NC2=C(C=CN=C2)C(=O)NC3=NC(=CS3)C4=CC=CC=C4,0,440.5100000000001,2.9917000000000007,2,8,118.86999999999999,6,30,0.7158333333333334,Yes,No,Yes,Yes,Yes,-
134806999,C1=CC2=C(C(=C1)C3=CN4C=NC=C4C(=C3)C5=CC=NC=C5)NN=C2,1,311.34799999999996,3.939600000000002,1,4,58.870000000000005,2,24,0.995,Yes,No,Yes,Yes,Yes,-
658914,CC1=C(C2=C(N1C3=CC=C(C=C3)OC)C=CC(=C2)O)C(=O)C,1,295.3380000000001,3.8557200000000025,1,4,51.46,3,22,0.975,Yes,No,Yes,Yes,Yes,-
25263033,CC1=C(C(=CC=C1)C)NC2=NN(C3=NC(=NC=C23)NC4=CC(=C(C=C4)OCCN5CCCC5)F)CCC(C)(C)OC,1,561.7060000000005,6.359140000000006,2,9,89.36,12,41,0.56,No,No,No,No,No,-
1115153,C1=CC=C(C=C1)CCC(=O)NC2=CC=C(C=C2)S(=O)(=O)NC3=NC=CS3,0,387.4860000000001,3.515200000000002,2,5,88.16,7,26,0.84125,Yes,No,Yes,Yes,Yes,-
46907714,C1COC2=C(C=C(C=C2)C3=CSC(=N3)N4CCC(CC4)C(=O)N)OC1,1,359.4510000000002,2.6731,1,6,77.68,3,25,0.9366666666666668,Yes,No,Yes,Yes,Yes,-
70716515,CCC[C@@H]1CN(C[C@H]1NC(=O)C)C(=O)C2=CC=C(C=C2)C3=CC=C(O3)C,1,354.4500000000001,3.631820000000003,1,3,62.550000000000004,5,26,0.99,Yes,No,Yes,Yes,Yes,-
40777002,CCC(CC)C1=NC(=NC(=C1)[C@H]2CN3CC[C@H]2C[C@@H]3CNS(=O)(=O)C4=CC=CS4)C5=CC=NC=C5,1,511.71700000000016,4.660000000000004,1,7,88.08,9,35,0.8625,Yes,No,Yes,Yes,Yes,-
16031042,CCOC(=O)C1=C(C(=C(N1)C)CCC(=O)N2CCN(CC2)C3=C(C=CC(=C3)Cl)C)C,1,431.96400000000017,4.051460000000003,1,4,65.64,6,30,0.97,Yes,No,Yes,Yes,Yes,-
46907708,CC(C)OC1=CC=CC(=C1)C2=CN=C(S2)N3CCC(CC3)C(=O)N,1,345.4680000000002,3.2990000000000013,1,5,68.45,5,24,0.995,Yes,No,Yes,Yes,Yes,-
46925991,CC1=C(C=C(C=C1)NS(=O)(=O)C2=C(C=C3C(=C2)CCC(=O)N3)N[C@H](C)CO)C,1,403.50400000000013,2.7816400000000012,4,5,107.53,6,28,0.53375,Yes,No,Yes,Yes,Yes,-
54766613,CCC(CC)(C(=O)N[C@@H](CCCN=C(N)N)C(=O)NC1(CCCC1)C(=O)NC(C2=CC=C(C=C2)F)C3=CC=C(C=C3)F)NC(=O)C(C)C,0,669.8180000000002,3.468800000000006,6,5,180.79999999999998,16,48,0.39,No,No,No,No,No,-
619526,C1=CC2=C(C=C1Cl)NC(=O)C3=CSC=C3N2,1,250.71,3.7108000000000008,2,3,41.13,0,16,0.7816666666666667,Yes,No,Yes,Yes,Yes,-
44144354,C1CN(CCC1C(=O)N)C2=NC(=CS2)C3=CC=CC=C3N,1,302.4030000000001,2.094,2,5,85.24,3,21,0.98,Yes,No,Yes,Yes,Yes,-
930029,CC1=CC=C(C=C1)C(=O)NC2=NC3=NC(=CC(=O)N3N2)C,0,283.291,1.28674,2,5,92.15,2,21,0.585,Yes,No,Yes,Yes,Yes,-
820818,C1CCC(CC1)NC2=NC(=NC3=CC=CC=C32)C4=CC=NC=C4,1,304.39700000000005,4.4364000000000035,1,4,50.7,3,23,1.0,Yes,No,Yes,Yes,Yes,-
71771106,CC1=C(NC(=C1C(=O)C)C)C(=O)NC2=CC(=CC=C2)[S+](=O)(N3CC[C@H](C3)F)[O-],1,407.46700000000016,3.034040000000002,2,4,105.33,5,28,0.78375,Yes,No,Yes,Yes,Yes,-
46907753,CN(C)C1=CC=CC(=C1)C2=CN=C(N=C2)N3CCC(CC3)C(=O)N,1,325.4160000000001,1.9112999999999998,1,5,75.35000000000001,4,24,1.0,Yes,No,Yes,Yes,Yes,-
71296022,C1=CC=C2C(=C1)C(=NC(=N2)C3=CC=NC=C3)NCC4=CC(=C(C=C4)F)F,1,348.35600000000005,4.582100000000001,1,4,50.7,4,26,0.96,Yes,No,Yes,Yes,Yes,-
4077172,CCCCN(CC)CCCNC(=O)C1=CC2=C(C=C1)SC3=CC=CC=C3C(=O)N2CC4=CC=C(C=C4)C,1,515.7230000000002,6.548520000000007,1,4,52.650000000000006,11,37,0.62,No,No,No,No,No,-
70701403,CC(C1=CC=CC=C1)NC2=CC=C(C=C2)[S+](=O)(NC3=NC=CS3)[O-],1,359.47600000000006,4.332100000000002,2,5,77.08,6,24,0.9,Yes,No,Yes,Yes,Yes,-
3234199,CC1=CC=CC=C1C2=NC3=CC=CC=C3C(=N2)NCC4=CC=CS4,1,331.4440000000001,5.278820000000003,1,4,37.81,4,24,0.925,Yes,No,Yes,Yes,No,-
105115,C[C@H](C=C(C)C=CC(=O)NO)C(=O)C1=CC=C(C=C1)N(C)C,1,302.374,2.579300000000001,2,4,69.64,6,22,0.8216666666666668,Yes,No,Yes,Yes,Yes,-
70701381,C1=CC=C(C=C1)NS(=O)(=O)C2=CC=C(C=C2)NCC3=C(C(=CC=C3)Cl)O,1,388.87600000000015,4.458500000000003,3,4,78.43,6,26,0.8,Yes,No,Yes,Yes,Yes,-
134811177,CC(=O)N1CCC(CC1)NC(=O)C2=C3C=CNC3=CC(=N2)C4=CC=CC=C4,1,362.4330000000001,2.970600000000001,2,3,78.09,3,27,0.8,Yes,No,Yes,Yes,Yes,-
15991160,C1=CC(=CC(=C1)Cl)C2=CC=C(O2)C(=O)NC3=CC4=C(C=C3)OC(=N4)C5=CN=CC=C5,1,415.8360000000001,6.055500000000004,1,5,81.16000000000001,4,30,0.825,Yes,No,Yes,No,No,-
16764671,C1C(C2=C(NC1=O)N=C(S2)N)C3=C(C(=CC=C3)F)F,0,281.287,2.4776000000000007,2,4,68.01,1,19,0.985,Yes,No,Yes,Yes,Yes,-
137299529,COC1=CC=C(C=C1)N2C(=O)NC(=N2)C3CCCN(C3)[S+](=O)(C4=CC=CC(=C4)C(F)(F)F)[O-],1,482.4840000000001,3.371400000000002,1,6,103.28,5,33,0.89625,Yes,No,Yes,Yes,Yes,-
2886111,CC(C)(C)C1CCC2=C(C1)SC(=C2C(=O)N)NC(=O)C3=CC=NC=C3,1,357.47900000000004,3.6453000000000015,2,4,85.08,3,25,0.955,Yes,No,Yes,Yes,Yes,-
46907695,C1CN(CCC1C(=O)N)C2=NC=C(S2)C3=CC4=C(C=C3)OC(O4)(F)F,1,367.37700000000007,2.8333000000000004,1,6,77.68,3,25,0.96,Yes,No,Yes,Yes,Yes,-
936056,C1CN(CCN1C2=CC(=CC=C2)Cl)C(=S)C3=CC=C(C=C3)O,1,332.85600000000005,3.5433000000000026,1,3,26.71,2,22,0.845,Yes,No,Yes,Yes,Yes,-
70789549,CC1=CC=C(C=C1)S(=O)(=O)NC2=C(C=CN=C2)C(=O)NC3=CC=CC4=CC=CC=C43,1,417.4900000000001,4.596320000000003,2,4,88.16,5,30,0.898125,Yes,No,Yes,Yes,Yes,-
46907756,CN(C)C1=CC=CC(=C1)C2=NC=C(C(=N2)N3CCC(CC3)C(=O)N)F,1,343.40600000000006,2.0504,1,5,75.35000000000001,4,25,0.99,Yes,No,Yes,Yes,Yes,-
25181365,C1=CC=C(C=C1)C2=C(C(=O)NC=C2)N,1,186.214,1.6240999999999999,2,2,58.879999999999995,1,14,0.705,Yes,No,Yes,Yes,No,-
44820665,C1CN(CCN1)C2=CC(=O)N3C(=N2)SC(=N3)C4=CC(=CC=C4)NC(=O)CN,0,385.45300000000015,0.1248000000000008,3,9,117.64999999999999,4,27,0.3825,Yes,No,Yes,Yes,Yes,-
46907687,CCOC(=O)C1CCN(CC1)C2=NC=C(S2)C3=CC4=C(C=C3)OCCCO4,1,388.4890000000002,3.7509000000000032,0,7,60.89,4,27,0.9483333333333333,Yes,No,Yes,Yes,Yes,-
60167812,C1CN(CCC1CNC2=NC(=NC=C2F)C3=CC=CC=C3C(F)F)C4=NC=CN=C4,1,414.43500000000006,4.338800000000003,1,6,66.83,6,30,0.775,Yes,No,Yes,Yes,Yes,-
70701365,C1CNC2=C1C=CC=C2CNC3=CC=C(C=C3)[S+](=O)(NC4=NC=CS4)[O-],1,386.50200000000007,3.7391000000000023,3,6,89.11,6,26,0.705,Yes,No,Yes,Yes,Yes,-
2927953,C1=CC=C(C=C1)CCC(=O)NC(C2=CC=CS2)C3=CC(=C4C=CC=NC4=C3O)Cl,1,422.9370000000001,5.493700000000005,2,4,62.22,6,29,0.8846666666666667,Yes,No,Yes,Yes,No,-
14328920,C1CC1N2C=C(C(=O)C3=CC(=C(C=C32)N4C[C@@H]5C[C@H]4CN5)F)C(=O)O,0,343.358,1.7242,2,5,74.57000000000001,3,25,0.87,Yes,No,Yes,Yes,Yes,-
70789548,CCOC(=O)C1=CSC(=N1)NC(=O)C2=C(C=NC=C2)NS(=O)(=O)C3=CC=C(C=C3)C,1,446.5100000000001,3.0763200000000017,2,8,127.35,7,30,0.7667499999999999,Yes,No,Yes,Yes,Yes,-
70789560,C1=CC=C(C=C1)C2=CSC(=N2)NC(=O)C3=C(C=NC=C3)NS(=O)(=O)C4=CC=CC=C4,1,436.5180000000001,4.258200000000002,2,6,101.04999999999998,6,30,0.8411805555555557,Yes,No,Yes,Yes,Yes,-
16030494,COC1=CC=CC=C1C(=O)NC2=NN=C(S2)SCC3=CC(=O)C4=CC=CC=C4N3,1,424.5070000000002,3.932800000000001,2,7,96.97,6,29,0.9520000000000001,Yes,No,Yes,Yes,Yes,-
118957930,C[C@@H](C(F)(F)F)N(CC1=CC=C(C=C1)F)C(=O)CN2C(=O)C3(CC(C4=C3C=CC(=C4)C5=CN(N=C5)CC(=O)NC)F)NC2=O,1,618.5630000000003,3.576200000000001,2,6,116.64000000000001,8,44,0.68,Yes,No,Yes,Yes,No,-
72183101,C1=CC(=CN=C1)C2=CC=C(O2)C(=O)NC3=NC=C(S3)CC4=CC=C(C=C4)C(F)(F)F,1,429.42300000000006,5.660000000000003,1,5,68.02000000000001,5,30,0.955,Yes,No,Yes,Yes,No,-
586278,CC1=CC(=C(C(=N1)SCC(=O)C2=CC(=C(C=C2)O)O)C#N)COC,1,344.3920000000001,2.7943000000000024,2,7,103.44000000000001,6,24,0.48,Yes,No,Yes,Yes,Yes,-
64393976,C1=CC(=CC=C1CC(=O)NC2=C(C=CN=C2)C(=O)O)Cl,0,290.706,2.6144,2,3,79.29,4,20,0.7875,Yes,No,Yes,Yes,Yes,-
56593322,CCCCOC1=CC=CC=C1C(=O)NC2=CC=CC=C2C(=O)NC3=CC(=CC=C3)S(=O)(=O)C(F)(F)F,0,520.5290000000002,5.663600000000003,2,5,101.57,9,36,0.6475,No,No,Yes,Yes,No,-
60167882,C1=CC=C2C(=C1)C(=NC(=N2)C3=CC=CC=C3Cl)NCC4=CC=C(C=C4)C5=CN=CC=C5,1,422.91900000000015,6.624300000000005,1,4,50.7,5,31,0.965,Yes,No,Yes,No,No,-
9934347,CNC(=O)C1=CC=CC=C1NC2=NC(=NC=C2Cl)NC3=C(C=C(C=C3)N4CCOCC4)OC,1,468.94500000000033,3.8220000000000027,3,8,100.64,7,33,0.9166666666666665,Yes,No,Yes,Yes,Yes,-
68289010,C[C@@H](C1=CN2C=CN=C2C=C1)N3C4=NC(=CN=C4N=N3)C5=CN(N=C5)C,1,345.37000000000006,1.8787999999999998,0,9,91.61,3,26,0.9,Yes,No,Yes,Yes,Yes,-
71959588,CCCN1C2=C(C=C(C=C2)NC(=O)C3=CC=CO3)S(=O)(=O)N=C1CC(C)C,1,389.47700000000015,3.8952000000000027,1,5,91.98,6,27,0.8954166666666665,Yes,No,Yes,Yes,Yes,-
46907743,C1CN(CCC1C(=O)N)C2=NC(=CS2)C3=CC=C(C=C3)OCC4=CC=CC=C4,0,393.51200000000017,4.090800000000002,1,5,68.45,6,28,0.99,Yes,No,Yes,Yes,Yes,-
42376812,CC1=CC(=C(C=C1)C(=O)N2CCC3=C(C(=CC(=O)N3CC2)OC)C(=O)N(C)CC4=CSC=N4)C,0,480.59000000000026,2.900940000000001,0,7,84.74000000000001,5,34,0.96,Yes,No,Yes,Yes,Yes,-
46916308,CCOC1=C(C=C(C=C1)CCNC(=O)C2=CC3=C(N2C(C)C)C=CS3)OCC,1,400.5440000000001,5.053600000000005,1,5,52.489999999999995,9,28,0.94,Yes,No,Yes,Yes,No,-
134787726,COC(=O)CNC(=O)C1=NC(=C2N1C=CN=C2)C3=CN=C(C=C3)Cl,1,345.7460000000001,1.347499999999999,1,7,98.47999999999999,4,24,0.85,Yes,No,Yes,Yes,Yes,-
1177165,CC1=C(C(=O)N(N1C)C2=CC=CC=C2)NC3=C(C(=O)N(C3=O)C4=CC=CC=C4)Cl,1,408.84500000000014,2.9201200000000007,1,6,76.34,4,29,0.88375,Yes,No,Yes,Yes,Yes,-
70789679,C1=CC=C2C(=C1)C(=NC(=N2)C3=CC(=O)NC=C3)NC4=CC(=C(C=C4)F)F,1,350.32800000000003,4.006900000000002,2,4,70.67,3,26,0.985,Yes,No,Yes,Yes,Yes,-
71692988,CC1=C2C(=CC=C1)NC(=N2)C[C@@H]3C[C@H]([C@@H](C=C3C)CN4C(=O)C(=C(C4=O)C)C)C(C)C,1,419.5690000000002,4.973620000000005,1,3,66.06,5,31,0.94,Yes,No,Yes,Yes,Yes,-
134788378,C1=CC(=CN=C1)C2=C3C=NC=CN3C(=N2)C(=O)NCC4=CC=NC=C4,0,330.351,2.116299999999999,1,6,85.07,4,25,0.91,Yes,No,Yes,Yes,Yes,-
71828999,C1CC(C2=C(C1)C3=C(N2)C=CC(=C3)Cl)NC(=O)CNC(=O)C4=NC=CN=C4,1,383.8390000000001,2.5349000000000004,3,4,99.77000000000001,4,27,0.7474166666666667,Yes,No,Yes,Yes,Yes,-
2973056,COC1=C(C(=CC(=C1)C2CC(=O)NC3=CC4=C(C=C23)OCCO4)Br)OC,1,420.2590000000001,3.7116000000000025,1,5,66.02000000000001,3,26,0.93,Yes,No,Yes,Yes,Yes,-
25102847,COC1=CC2=C(C=CN=C2C=C1OC)OC3=CC=C(C=C3)NC(=O)C4(CC4)C(=O)NC5=CC=C(C=C5)F,1,501.51400000000024,5.5408000000000035,2,6,98.78,8,37,0.765,No,No,Yes,Yes,No,-
25256849,CC(C(C)(C)C)NCC1=CC2=C(C=C1)N(C(=N2)NC(=O)C3=CC=C(S3)C4=CNN=C4)CC(C)(C)O,1,494.66500000000025,5.035300000000004,4,7,107.86000000000001,8,35,0.41,Yes,No,Yes,Yes,No,-
70701400,COC1=CC(=C(C=C1)O)CNC2=CC=C(C=C2)S(=O)(=O)NC3=NC=CS3,0,391.47400000000005,3.270200000000001,3,7,100.55,7,26,0.6960198412698411,Yes,No,Yes,Yes,Yes,-
134805851,COC1=NC=C(C=N1)C2=NNC3=C2CC(=O)N(C3)C4=CC=CC=C4,1,321.34,1.9645999999999997,1,5,84.0,3,24,0.995,Yes,No,Yes,Yes,Yes,-
2815186,CCCC1=CC=C(C=C1)C(=O)NC(=O)C2=CC=CC=C2O,0,283.327,2.9149000000000016,2,3,66.4,4,21,0.8533333333333334,Yes,No,Yes,Yes,Yes,-
15991372,CC1=CC2=C(C=C1)OC3=C(C2=O)C(N(C3=O)CCCN(C)C)C4=CC=C(C=C4)O,0,392.45500000000004,3.303920000000002,1,5,73.99000000000001,5,29,1.0,Yes,No,Yes,Yes,Yes,-
3158002,C1COCCN1S(=O)(=O)C2=C(C=CC(=C2)NC(=O)C3=CC=CC=C3)Cl,1,380.85300000000007,2.613200000000001,1,4,75.71000000000001,4,25,0.9207500000000001,Yes,No,Yes,Yes,Yes,-
46907693,C1CN(CCC1C(=O)N)C2=NC(=CS2)C3=CC(=CC=C3)F,1,305.378,2.650900000000001,1,4,59.22,3,21,0.99,Yes,No,Yes,Yes,Yes,-
661788,CC(=O)NC1=CC=C(C=C1)OCC2=C(C=CC(=C2)C3NC4=CC=CC=C4C(=O)N3CC5=CC=CO5)OC,1,497.5510000000002,5.592300000000005,2,6,93.04,8,37,0.725,Yes,No,Yes,Yes,No,-
5770977,CC1CCC2=C(N1C(=O)CSC3=NC4=C(C5=CC=CC=C5N4)N=N3)C=CC(=C2)F,1,407.47400000000005,4.105200000000003,1,5,74.77000000000001,3,29,0.785,Yes,No,Yes,Yes,Yes,-
70789687,C1=CC=C2C(=C1)C(=NC(=N2)C3=CC=NC=C3)NC4=CC(=C(C=C4)C5=CN=CN=C5)F,0,394.4130000000001,5.031500000000002,1,6,76.48,4,30,0.925,Yes,No,Yes,Yes,No,-
70766183,CCC1=C(C2=C(N1)C=CC(=C2)CNC(=O)CC3=CN=C4N3C=CC=C4C)C,1,360.46100000000007,3.853740000000003,2,3,62.19,5,27,0.6925,Yes,No,Yes,Yes,Yes,-
134806797,CC1=CC2=C(N=C(C=C2N1CCN(C)C)C3=C(ON=C3C)C)C4=CC(=NC=C4)OC,1,405.5020000000001,4.248760000000003,0,7,69.21000000000001,6,30,0.85,Yes,No,Yes,Yes,Yes,-
60167830,C1=CC=C(C(=C1)C2=NC3=CC=CC=C3C(=N2)NCC4=CC=C(C=C4)C5=CN=CC=C5)C(F)(F)F,1,456.47100000000006,6.989700000000005,1,4,50.7,5,34,0.95,Yes,No,Yes,No,No,-
56643051,CC(C)COC1=CC=C(C=C1)C2=NN(C(=O)C=C2)CC(=O)NCCC3=CC=CC=C3,1,405.49800000000016,3.304000000000002,1,5,73.22,9,30,0.98,Yes,No,Yes,Yes,Yes,-
4878,CC(C)(C)N1C2=NC=NC(=C2C(=N1)C3=CC=C(C=C3)Cl)N,1,301.78100000000006,3.483900000000001,1,5,69.62,1,21,0.99375,Yes,No,Yes,Yes,Yes,-
720656,C1COCCN1C2=NC(=CS2)C3=CC=C(C=C3)Br,0,325.231,3.409200000000002,0,4,25.36,2,18,0.83,Yes,No,Yes,Yes,Yes,-
70701436,COC1=CC=CC(=C1O)C(=O)NC2=CC=C(C=C2)[S+](=O)(NC3=NC=CS3)[O-],0,405.45700000000005,3.1255000000000006,3,7,123.61,6,27,0.5585833333333333,Yes,No,Yes,Yes,Yes,-
60167924,CC(C)C1=CC=CC=C1C2=NC=C(C(=N2)NC(C)(C)C3=CC=C(C=C3)N4C=CN=N4)F,1,416.504,5.334000000000005,1,6,68.52000000000001,6,31,0.87,Yes,No,Yes,Yes,No,-
16015040,CCOC(=O)N1CCN(CC1)CC2=NC3=C(N2C(C)C)C=CC(=C3)NC(=O)C4=CC=C(C=C4)OC,1,479.5810000000002,4.152200000000003,1,7,88.93,7,35,0.94,Yes,No,Yes,Yes,Yes,-
1245328,C1CCN(C1)C(=O)C2=CC=C(C=C2)NC(=O)C3=CC=CC=C3F,1,312.344,3.314000000000002,1,2,49.410000000000004,3,23,0.795,Yes,No,Yes,Yes,Yes,-
974197,CCNC1=C(N=C(O1)C2=CC=CC3=CC=CC=C32)C#N,1,263.3,3.798280000000002,1,4,61.85,3,20,0.99,Yes,No,Yes,Yes,Yes,-
46907747,C1CN(CCN1C2=NC(=CS2)C3=CC=C(C=C3)Br)C(=O)N,1,367.2720000000001,2.7733,1,4,62.459999999999994,2,21,0.95,Yes,No,Yes,Yes,Yes,-
71307870,CC1=CC(=C(N1C2=CC=C(C=C2)[N+](=O)[O-])C)C3=NN=C4N3CCCCC4,1,351.41000000000025,3.9872400000000026,0,6,78.78,3,26,0.945,Yes,No,Yes,Yes,Yes,-
3851,C1CN2CCC1C(C2C(C3=CC=CC=C3)C4=CC=CC=C4)NCC5=CC=CC=C5I,1,508.4470000000001,5.675700000000006,1,2,15.27,6,30,0.51,No,No,Yes,Yes,No,-
70701389,C1=CC2=C(C=NC=C2)C(=C1)NS(=O)(=O)C3=CC=C(C=C3)NCC4=C(C(=CC=C4)Cl)O,1,439.92400000000015,5.006700000000004,3,5,91.32000000000001,6,30,0.8323214285714287,Yes,No,Yes,Yes,No,-
46926044,CN1C=C(C(=N1)C2C3=C(CCCC3=O)NC(=N2)NC4=NC5=CC=CC=C5O4)Br,1,441.28900000000004,3.4433000000000016,2,8,97.34,2,28,0.96,Yes,No,Yes,Yes,Yes,-
70789456,CC1=CC=C(C=C1)S(=O)(=O)NC2=C(C=CN=C2)C(=O)NC3=NC4=CC=CC=C4S3,1,424.5070000000001,4.052820000000002,2,6,101.05,5,29,0.8435833333333334,Yes,No,Yes,Yes,Yes,-
46916310,C1CC(C2=C(C1)N(N=C2)C3=C(C=C(C=C3)F)F)NC(=O)C4=CC=CC=C4,1,353.37200000000007,3.957900000000003,1,3,46.92,3,26,0.995,Yes,No,Yes,Yes,Yes,-
334157,C1=CC(=CC=C1NC(=O)C2=CC=NC=C2)S(=O)(=O)NC3=NC=CS3,0,360.4200000000001,2.5912000000000006,2,6,101.05,5,24,0.285,Yes,No,Yes,Yes,Yes,-
134790239,C1COCCN1C(=O)C2=NC(=C3N2C=CC=C3)C4=CN=CC=C4,1,308.341,1.8687000000000002,0,5,59.730000000000004,2,23,0.92,Yes,No,Yes,Yes,Yes,-
2466,CCCCOC1=CC=C(C=C1)CC(=O)NO,1,223.272,1.9133999999999995,2,3,58.56,6,16,0.9075,Yes,No,Yes,Yes,Yes,-
71307836,CC(C)(C)N1C=NC2=C1C=CC(=C2)C(=O)N3CCCCC3,1,285.3910000000001,3.4174000000000024,0,3,38.13,1,21,0.98,Yes,No,Yes,Yes,Yes,-
72187550,CC1=CC=CC=C1C(=O)N2CCC3=C2C=CC(=C3)C4=C(SC(=N4)NC(=O)C)C,1,391.4960000000001,4.588240000000003,1,4,62.300000000000004,3,28,0.995,Yes,No,Yes,Yes,Yes,-
16009390,C1CCN(CC1)C2=C3C(=NOC3=NC=N2)C4=CC=C(C=C4)Cl,1,314.77599999999995,3.928500000000003,0,5,55.050000000000004,2,22,1.0,Yes,No,Yes,Yes,Yes,-
71577426,C1=CC=NC(=C1)CC(=O)NC2=NN=C(S2)CCCCC3=NN=C(C=C3)NC(=O)CC4=CC(=CC=C4)OC(F)(F)F,1,571.5850000000004,4.549500000000004,2,9,131.88,12,40,0.52,Yes,No,No,No,Yes,-
644241,CC1=C(C=C(C=C1)C(=O)NC2=CC(=CC(=C2)C(F)(F)F)N3C=C(N=C3)C)NC4=NC=CC(=N4)C5=CN=CC=C5,1,529.5260000000002,6.355840000000004,2,7,97.62,6,39,0.625,No,No,Yes,No,No,-
1357397,C1=CC=C(C(=C1)C2=CC=C(O2)/C=C\3/C(=O)N4C5=C(C=C(C=N5)Br)N=C4S3)C(=O)O,1,468.28800000000007,3.5726000000000013,1,7,97.7,3,29,0.9,Yes,No,Yes,Yes,Yes,-
134806720,COC1=C(C=CC=N1)C2=NC(=C3C=CN(C3=C2)CC4CCN(CC4)[S+](=O)(C)[O-])N5CCOCC5,1,485.6100000000004,2.8302000000000005,0,8,95.78,6,34,0.92,Yes,No,Yes,Yes,Yes,-
16025695,CC1=CC(=C(C=C1)C)N2C(=C(N=N2)C3=NSC(=N3)NC(=O)C4=CC(=CC=C4)OC)C,1,420.49800000000016,3.971960000000002,1,8,94.82000000000001,5,30,0.995,Yes,No,Yes,Yes,Yes,-
91911826,CC1=C(C=C(C=C1)C(=O)NC2CCN(CC2)C3=CC(=O)N(N=C3)CC4CC4)C,1,380.49200000000013,2.668940000000001,1,5,67.23,5,28,0.955,Yes,No,Yes,Yes,Yes,-
5281708,C1=CC(=CC=C1C2=COC3=C(C2=O)C=CC(=C3)O)O,0,254.24099999999999,2.8712000000000018,2,4,70.67,1,19,0.94,Yes,No,Yes,Yes,Yes,-
7151282,CC1=CSC2=NC(=CN12)C3=CC(=CC=C3)NC(=O)C4=CC(=CC=C4)F,1,351.40600000000006,4.762620000000003,1,4,46.4,3,25,0.99,Yes,No,Yes,Yes,Yes,-
10127622,CN1C=NC2=C1C=C(C(=C2F)NC3=C(C=C(C=C3)Br)Cl)C(=O)NOCCO,1,457.6870000000001,3.525600000000001,3,6,88.41000000000001,6,27,0.7258333333333334,Yes,No,Yes,Yes,Yes,-
49852898,CN1CCN(CC1)C2=CC3=C(C=CC(=C3N=C2)O)C(=O)OC,1,301.34600000000006,1.4787999999999997,1,6,65.9,2,22,0.87,Yes,No,Yes,Yes,Yes,-
71295994,C1=CC=C2C(=C1)C(=NC(=N2)C3=CC=NC=C3)NC4=NOC=C4,1,289.29800000000006,3.423400000000001,1,6,76.73,3,22,0.84,Yes,No,Yes,Yes,Yes,-
656272,CC1=CC=C(C=C1)C2=C(C3=NC4=C(CCCC4)C(=O)N3N2)C,1,293.3699999999999,3.185240000000001,1,3,50.160000000000004,1,22,0.98,Yes,No,Yes,Yes,Yes,-
49853258,CC1=CC(=NC=C1)NC(=S)N2CCC(CC2)NC3=CC=CC(=C3)C(F)(F)F,1,394.466,4.682120000000004,2,3,40.190000000000005,3,27,0.905,Yes,No,Yes,Yes,Yes,-
5353685,COC1=C(C(=CC(=C1)/C=C(\C#N)/C(=O)C2=CC(=C(C=C2)O)O)I)O,0,437.18899999999996,3.206480000000002,3,6,110.78,4,24,0.7404999999999999,Yes,No,Yes,Yes,Yes,-
71307865,C1CCN(CC1)C(=O)C2=CC3=C(C=C2)N(C=N3)C4=CC(=CC=C4)Cl,1,339.826,4.305000000000003,0,3,38.13,2,24,0.995,Yes,No,Yes,Yes,Yes,-
71771073,CC1=C(NC(=C1C(=O)C)C)C(=O)NC2=CC(=CC=C2)[S+](=O)(NC3=CN=CC=C3)[O-],1,412.47100000000006,3.4973400000000012,3,5,127.01,6,29,0.5039523809523809,Yes,No,Yes,Yes,Yes,-
1450448,CC1=CC=CC=C1C(=O)N2CCC3=C2C=CC(=C3)C4=C(SC(=N4)NC(=O)C5=CC6=C(C=C5)OCO6)C,1,497.57600000000025,5.610840000000004,1,6,80.76,4,36,0.905,Yes,No,Yes,Yes,No,-
16007418,CCCCN(CC)CCNC(=O)C1=CC2=C(S1)N(N=C2C3=CC=C(C=C3)Cl)C,1,418.9940000000001,4.807000000000005,1,5,50.160000000000004,9,28,0.93,Yes,No,Yes,Yes,Yes,-
70789395,C1=CC=C(C=C1)C2=CSC(=N2)NC(=O)C3=C(C=NC=C3)NS(=O)(=O)C4=CC=C(C=C4)N,1,451.53300000000013,3.8404000000000016,3,7,127.06999999999998,6,31,0.8388333333333332,Yes,No,Yes,Yes,Yes,-
16363,C1CN(CCC1N2C3=CC=CC=C3NC2=O)CCCC(=O)C4=CC=C(C=C4)F,1,381.45100000000014,3.7687000000000026,1,4,58.1,6,28,0.985,Yes,No,Yes,Yes,Yes,-
137291231,COC1=CC=C(C=C1)N2C(=O)NC(=N2)C3CCCN(C3)C(=O)CC4=CC=CC=N4,1,393.4470000000001,1.9128999999999996,1,6,93.11,5,29,0.92,Yes,No,Yes,Yes,Yes,-
4002431,C1=CC2=C(C(=C(C=C2)C(C3=CC=C(C=C3)C(F)(F)F)NC4=NC=CS4)O)N=C1,1,401.413,5.617200000000005,2,5,58.040000000000006,4,28,0.755,Yes,No,Yes,Yes,No,-
70789654,C1=CC=C2C(=C1)C(=NC(=N2)C3=CC=NC=C3)NC4=CC(=C(C=C4)C5=CN=CC=C5)F,0,393.4250000000001,5.6365000000000025,1,5,63.59,4,30,0.955,Yes,No,Yes,Yes,No,-
118170767,C[C@@H]1CN(S(=O)(=O)C2=CC=CC=C2O1)CC3=C(C=CC(=C3)[C@H](CC(=O)O)C4=CC5=C(C(=C4)OC)N(N=N5)C)C,0,550.6370000000002,3.8637200000000025,1,8,123.85,7,39,0.675,Yes,No,Yes,Yes,Yes,-
15943340,CN1C(=NN=N1)SCCCNCC2=CC(=CC=C2)OCC3=CC=CC=C3Cl,1,403.9390000000001,3.714500000000002,1,7,64.86,10,27,0.85,Yes,No,Yes,Yes,Yes,-
46907675,C1CN(CCC1C(=O)N)C2=NC(=CS2)C3=C4C5=CC=CC=C5SC4=CC=C3,1,393.5370000000001,4.879700000000004,1,5,59.22,3,27,0.9566666666666667,Yes,No,Yes,Yes,Yes,-
15990919,CCOC(=O)C1=CC=C(C=C1)N2C(C3=C(NN=C3C2=O)C4=CC=CS4)C5=C(C=C(C=C5)Cl)Cl,1,498.3910000000001,6.371500000000004,1,5,75.28999999999999,5,33,0.84,Yes,No,Yes,No,No,-
15989832,CC1=C(NC2=C1C(=O)CC(C2)C3=CC=CC=C3)C(=O)OCCOC4=CC=CC=C4,1,389.4510000000002,4.471620000000003,1,4,68.39,6,29,0.96,Yes,No,Yes,Yes,Yes,-
70789699,COC1=C(C=CC(=C1)NC2=NC(=NC3=CC=CC=C32)C4=CC=NC=C4)F,1,346.365,4.583100000000003,1,5,59.93,4,26,0.985,Yes,No,Yes,Yes,Yes,-
664077,CC1=CC2=C(C=C1)C3=C(N2)C(=NC=N3)N4CCN(CC4)CC5=CC=CC=C5,1,357.46100000000007,3.7417200000000026,1,4,48.050000000000004,3,27,0.935,Yes,No,Yes,Yes,Yes,-
137299321,C1CCC(CC1)CN2CCC(CC2)C3=NN(C(=O)N3)CC4=CC=CC=C4,0,354.49800000000005,3.379400000000002,1,4,53.92,5,26,0.995,Yes,No,Yes,Yes,Yes,-
16018319,CCN(CC)CCCNC(=O)C1=CC2=C(C=C1)N3C=C(N=C3S2)C4=CC=C(C=C4)OCC,1,450.60800000000023,5.076400000000004,1,6,58.870000000000005,10,32,0.96,Yes,No,Yes,Yes,No,-
87051999,C[C@H]1CN(C[C@@H]1C2=NC(=NO2)C3=CC=CC=C3)C(=O)NC4=C(C=C(C=C4)F)F,1,384.3860000000001,4.282200000000003,1,4,71.26,3,28,0.995,Yes,No,Yes,Yes,Yes,-
16747388,CC1=C(C=C(C=C1)C(=O)NC2=CC=CC(=C2)C(F)(F)F)NC3=C4C=NN(C4=NC(=N3)C5=CN=CC=C5)C,1,503.48800000000017,5.748420000000003,2,7,97.62,5,37,0.835,No,No,Yes,Yes,No,-
60196365,C1CN(CCN1CCOCC(=O)N)C(C2=CC=CC=C2)C3=CC=C(C=C3)Cl.Cl.Cl,1,460.833,3.3925000000000036,1,4,58.8,8,29,0.9216666666666665,Yes,No,Yes,Yes,Yes,-
16010131,CCCNC(=O)C1=CC2=C(C=C1)SC3=C(C=CC(=C3C(=N2)C)C)C,1,338.4760000000001,5.0485400000000045,1,3,41.46,3,24,0.995,Yes,No,Yes,Yes,No,-
1321124,C1COC2=C(O1)C=CC(=C2)S(=O)(=O)NC3=CC=C(C=C3)S(=O)(=O)NC4=CC=CC(=C4)C(F)(F)F,1,514.5030000000002,4.0782000000000025,2,6,110.79999999999998,6,34,0.4533333333333333,Yes,No,Yes,Yes,Yes,-
20953663,CC1=NN(C(=O)C2=CC(=NN12)C3=CC=CC=C3)CC(=O)NCCCN4CCC(CC4)N5CCCCC5,1,491.6400000000005,2.3230200000000005,1,8,87.76999999999998,8,36,0.9,Yes,No,Yes,Yes,Yes,-
46990893,CCN1N=CC(=N1)NC(=O)CN2C3=C(C=C(C=C3)C4=CC(=CC=C4)OC)C=N2,1,376.4200000000001,2.9620000000000006,1,7,86.86000000000001,6,28,0.8841666666666668,Yes,No,Yes,Yes,Yes,-
15987880,CCC1=CC(=CC=C1)NC(=O)C(CC2=CC=CC=C2)NS(=O)(=O)C3=CC=CS3,1,414.5520000000001,3.8388000000000018,2,4,75.27000000000001,8,28,0.595,Yes,No,Yes,Yes,Yes,-
70789352,C1CC(=O)N(C1)C2=CC=C(C=C2)S(=O)(=O)NC3=C(C=CN=C3)C(=O)NC4=NC(=CS4)C5=CC=CC=C5,1,519.6080000000002,4.3850000000000025,2,7,121.36,7,36,0.455,Yes,No,Yes,Yes,Yes,-
11219835,C1=CC=C(C(=C1)C2=NC(=NO2)C3=CC(=CC=C3)C(=O)O)F,1,284.246,3.240900000000001,1,4,76.22,3,21,0.72,Yes,No,Yes,Yes,Yes,-
2147590,C1=CC=C2C=C(C=CC2=C1)C(=O)NC3=CC=C(C=C3)S(=O)(=O)NC4=NC=CS4,0,409.4920000000001,4.349400000000002,2,5,88.16,5,28,0.95,Yes,No,Yes,Yes,Yes,-
802475,C1CN(CCC1C(=O)N)C2=NC(=CS2)C3=CC=C(C=C3)Cl,1,321.8330000000001,3.1652000000000005,1,4,59.22,3,21,1.0,Yes,No,Yes,Yes,Yes,-
5184481,CC1=C(NC(=C1C(=O)C)C)C(=O)NC2=CC(=C(C=C2)OC)S(=O)(=O)N3CCCCC3,1,433.5300000000003,3.2696400000000017,2,5,108.56999999999998,6,30,0.86625,Yes,No,Yes,Yes,Yes,-
134805643,CC1=C(C(=NO1)C)CN2CCNC3=CC(=NC=C3C2)NC4=CC=CC=C4,1,349.43800000000005,3.8577400000000024,2,6,66.22,4,26,0.925,Yes,No,Yes,Yes,Yes,-
921541,C1=CC=C2C(=C1)C(=NC(=N2)C3=CC=NC=C3)NC4=CC(=C(C=C4)F)F,1,334.32900000000006,4.713600000000001,1,4,50.7,3,25,1.0,Yes,No,Yes,Yes,Yes,-
70789461,CC1=CC=C(C=C1)S(=O)(=O)NC2=C(C=CN=C2)C(=O)NC3=NC(=CS3)C4=CN=CC=C4,1,451.53300000000013,3.9616200000000017,2,7,113.94,6,31,0.9788888888888888,Yes,No,Yes,Yes,Yes,-
60167796,C1=CC=C(C(=C1)C2=NC=C(C(=N2)NCC3=CC=C(C=C3)C4=CN=CC=C4)F)C(F)F,1,406.411,5.894400000000003,1,4,50.7,6,30,0.98,Yes,No,Yes,No,No,-
1076491,CN(CC1=CC=CC=C1)C(=O)C2CCN(CC2)CC3=CC=CC4=CC=CC=C43,1,372.512,4.710400000000004,0,2,23.550000000000004,5,28,0.9075,Yes,No,Yes,Yes,Yes,-
53257132,CC1=CC(=NC(=C1)NC(=S)N2CCN(CC2)C3=CC(=NC4=C3C=C(C=C4)C(F)(F)F)C(F)(F)F)C,1,513.5110000000001,5.803240000000004,1,4,44.290000000000006,2,35,0.725,No,No,Yes,Yes,No,-
3655913,CC(C)C(=O)N(C1=CC2=C(C=C1)OC(=O)S2)S(=O)(=O)C3=CC=C(C=C3)OC,1,407.46900000000016,3.2410000000000023,0,7,93.89,5,27,0.91,Yes,No,Yes,Yes,Yes,-
16360527,COC(=O)C1=CC=CC=C1NC(=O)C2=CC=CC=C2OC(F)F,1,321.279,3.326900000000002,1,4,64.63,5,23,0.985,Yes,No,Yes,Yes,Yes,-
91887902,C1CC(CN(C1)C2=NNC(=C2)C3=CC=C(C=C3)F)NC(=O)C4=CC5=C(C=C4)N=CC=C5,1,415.47200000000015,4.1628000000000025,2,4,73.91,4,31,0.62,Yes,No,Yes,Yes,Yes,-
70701430,C1=CC=C(C=C1)NS(=O)(=O)C2=CC=C(C=C2)NCC3=C(C=C(C=C3)Br)O,1,433.3270000000001,4.567600000000002,3,4,78.43,6,26,0.78125,Yes,No,Yes,Yes,Yes,-
56593296,COC1=C(C(=CC=C1)OC)C(=O)NC2=CC=CC=C2C(=O)NC3=CC=CC(=C3)C(F)(F)F,1,444.4090000000001,5.2272000000000025,2,4,76.66,6,32,0.9300000000000002,Yes,No,Yes,Yes,No,-
71668132,C1CN(CCN1)C2=CC(=O)N3C(=N2)SC(=N3)C4=CC(=CN=C4)NC(=O)CN,0,386.44100000000014,-0.4801999999999986,3,10,130.54000000000002,4,27,0.325,Yes,No,Yes,Yes,Yes,-
1265705,CC1=CC=C(C=C1)C2=NN=C(SC2)NC(=O)CSC3=NN=CN3C,1,360.468,1.8389199999999999,1,8,84.53,4,24,0.98,Yes,No,Yes,Yes,Yes,-
60167906,CC(C)C1=CC=CC=C1C2=NC=C(C(=N2)NCC3=CC=C(C=C3)N4C=CN=N4)F,1,388.45,4.598900000000003,1,6,68.52000000000001,6,29,0.985,Yes,No,Yes,Yes,Yes,-
14720269,CC1=C(C=CN=C1CS(=O)C2=NC3=CC=CC=C3[N-]2)OCCCOC.[Na+],1,381.4330000000002,-0.3774799999999989,0,5,75.41000000000001,8,26,0.655,Yes,No,Yes,Yes,Yes,-
244989,CC1=C(C(=O)C2=C(C1=O)N3CC4C(C3(C2COC(=O)N)OC)N4C)N,0,348.3590000000001,-1.3089999999999973,2,8,127.96000000000001,3,25,0.4725,Yes,No,Yes,Yes,Yes,-
71771080,CCC1=C(C=C(C=C1)NC(=O)C2=C(C(=C(N2)C)C(=O)C)C)[S+](=O)(N3CCCCCC3)[O-],1,445.5850000000003,4.428640000000003,2,4,105.33,6,31,0.9101785714285715,Yes,No,Yes,Yes,Yes,-
60167834,CC1=CN=C(N=C1NCC2CN(C2)C3=CN=CC=C3)C4=CC=CC=C4C(C)C,1,373.50400000000013,4.5187200000000045,1,5,53.940000000000005,6,28,0.9725,Yes,No,Yes,Yes,Yes,-
76168,CN1C(=O)CN=C(C2=C1C=CC(=C2)Cl)C3=CC=CC=C3Cl,1,319.19100000000003,3.8072000000000026,0,2,32.67,1,21,0.94,Yes,No,Yes,Yes,Yes,-
16022698,CC1=CC=C(C=C1)N2C(=C3C(=NN(C(=O)C3=N2)CCCC(=O)NCC4=C(C(=CC=C4)OC)OC)C)C,1,489.5760000000003,3.621260000000002,1,8,100.27000000000001,9,36,0.95625,Yes,No,Yes,Yes,Yes,-
71660782,COC(=O)C1=CC2=C(C=C1)N=C(O2)NC3=NC(C4=C(N3)CCCC4=O)C5=C(C=NN5)Cl,1,440.8470000000002,3.110400000000001,3,9,134.5,3,31,0.675,Yes,No,Yes,No,Yes,-
70980530,C[C@@H]1CN([C@H](CN1)CN2CCOC[C@H]2C)CC(=O)N3CC(C4=C3C=C(C=N4)CC5=CC=C(C=C5)F)(C)C,1,509.67000000000024,2.8187000000000015,1,6,60.940000000000005,6,37,0.88,Yes,No,Yes,Yes,Yes,-
16015431,CN(C1=CC=CC=C1)C(=O)CSC2=NC3=C(S2)C=C(C=C3)NC(=O)C4=CC=C(C=C4)F,1,451.54800000000006,5.4428000000000045,1,5,62.300000000000004,6,31,0.945,Yes,No,Yes,Yes,No,-
730810,CC1=CC2=C(C=C1)NC(=CC2=O)C3=CC=CC=C3,1,235.286,3.503520000000001,1,1,32.86,1,18,0.97,Yes,No,Yes,Yes,Yes,-
